{
  "test/unit/unitTests.qunit.html": 1594139497000,
  "test/integration/arrangements/Startup.js": 1594139497000,
  "test/unit/controller/View1.controller.js": 1594139497000,
  "test/integration/pages/View1.js": 1594139497000,
  "manifest.json": 1595513691183,
  "test/unit/unitTests.qunit.js": 1594139497000,
  "test/unit/AllTests.js": 1594139497000,
  "test/integration/opaTests.qunit.js": 1594139497000,
  "test/integration/NavigationJourney.js": 1594139497000,
  "test/integration/AllJourneys.js": 1594139497000,
  "test/initMockServer.js": 1594139497000,
  "model/models.js": 1594139497000,
  "localService/mockserver.js": 1594139497000,
  "controller/View1.controller.js": 1594139497000,
  "Component.js": 1594139497000,
  "manifest-bundle.zip": 1595513689272,
  "Component-preload.js": 1595513690682,
  "Component-dbg.js": 1594139497000,
  "test/integration/pages/View1-dbg.js": 1594139497000,
  "test/integration/arrangements/Startup-dbg.js": 1594139497000,
  "test/unit/unitTests.qunit-dbg.js": 1594139497000,
  "test/unit/AllTests-dbg.js": 1594139497000,
  "test/integration/opaTests.qunit-dbg.js": 1594139497000,
  "test/integration/NavigationJourney-dbg.js": 1594139497000,
  "test/integration/AllJourneys-dbg.js": 1594139497000,
  "test/initMockServer-dbg.js": 1594139497000,
  "model/models-dbg.js": 1594139497000,
  "localService/mockserver-dbg.js": 1594139497000,
  "controller/View1-dbg.controller.js": 1594139497000,
  "test/unit/controller/View1-dbg.controller.js": 1594139497000,
  "resources.json": 1595513691187,
  "i18n/i18n.properties": 1594139497000,
  "test/integration/opaTests.qunit.html": 1594139497000,
  "view/View1.view.xml": 1594139497000,
  "test/mockServer.html": 1594139497000,
  "css/style.css": 1594139497000,
  "index.html": 1594228994000
}